{
    "groups": [
        {
            "name": "Cim",
            "textures": [
                "a090100t",
                "a092100t"
            ]
        },
        {
            "name": "Daglik",
            "textures": [
                "a090800t"
            ]
        },
        {
            "name": "Parke",
            "textures": []
        },
        {
            "name": "Toprak",
            "textures": []
        },
        {
            "name": "Patika",
            "textures": []
        },
        {
            "name": "KoyPatika",
            "textures": []
        },
        {
            "name": "Yapi1",
            "textures": []
        },
        {
            "name": "Yapi2",
            "textures": []
        },
        {
            "name": "Yapi3",
            "textures": []
        },
        {
            "name": "SuToprak",
            "textures": []
        },
        {
            "name": "Tarla",
            "textures": []
        }
    ]
}