{
    "groups": [
        {
            "name": "Cim",
            "textures": [
                "a090100t"
            ]
        },
        {
            "name": "Daglik",
            "textures": [
                "A0B0300T",
                "a0b0300t",
                "a092a00t"
            ]
        },
        {
            "name": "Parke",
            "textures": []
        },
        {
            "name": "Toprak",
            "textures": [
                "A1B0E00T",
                "A090F00T",
                "A370B00T",
                "a092300t",
                "a091e00t",
                "a090800t",
                "a0b0a00t"
            ]
        },
        {
            "name": "Patika",
            "textures": [
                "A310A00T"
            ]
        },
        {
            "name": "KoyPatika",
            "textures": [
                "a091300t"
            ]
        },
        {
            "name": "Yapi1",
            "textures": []
        },
        {
            "name": "Yapi2",
            "textures": []
        },
        {
            "name": "Yapi3",
            "textures": []
        },
        {
            "name": "SuToprak",
            "textures": [
                "a0a2800t",
                "a0c0d00t"
            ]
        },
        {
            "name": "Tarla",
            "textures": []
        }
    ]
}