{
    "groups": [
        {
            "name": "Cim",
            "textures": [
                "a090100t",
                "a092a00t",
                "a091300t",
                "a090200t",
                "a090d00t",
                "a090a00t",
                "a092300t",
                "a0b0700t",
                "a091e00t",
                "A1B0E00T",
                "a091000t",
                "a0a0600t",
                "a0a1a00t",
                "a090b00t"
            ]
        },
        {
            "name": "Daglik",
            "textures": [
                "a090800t",
                "a091200t",
                "a130300t",
                "a110c00t",
                "a091100t"
            ]
        },
        {
            "name": "Parke",
            "textures": []
        },
        {
            "name": "Toprak",
            "textures": [
                "a131000t",
                "a130d00t"
            ]
        },
        {
            "name": "Patika",
            "textures": [
                "a092200t",
                "a092100t"
            ]
        },
        {
            "name": "KoyPatika",
            "textures": [
                "a090700t",
                "a092000t",
                "a090400t"
            ]
        },
        {
            "name": "Yapi1",
            "textures": [
                "a0a0800t"
            ]
        },
        {
            "name": "Yapi2",
            "textures": []
        },
        {
            "name": "Yapi3",
            "textures": []
        },
        {
            "name": "SuToprak",
            "textures": [
                "a0a2800t",
                "a0c0d00t",
                "a110200t"
            ]
        },
        {
            "name": "Tarla",
            "textures": [
                "a090600t"
            ]
        }
    ]
}