{
    "groups": [
        {
            "name": "Cim",
            "textures": []
        },
        {
            "name": "Daglik",
            "textures": []
        },
        {
            "name": "Parke",
            "textures": []
        },
        {
            "name": "Toprak",
            "textures": []
        },
        {
            "name": "Patika",
            "textures": []
        },
        {
            "name": "KoyPatika",
            "textures": []
        },
        {
            "name": "Yapi1",
            "textures": [
                "a260300t"
            ]
        },
        {
            "name": "Yapi2",
            "textures": [
                "a260600t"
            ]
        },
        {
            "name": "Yapi3",
            "textures": [
                "a260700t"
            ]
        }
    ]
}